Class Identifier	Property Identifier	Label	Parent	Range	Annotation: Description / Annotation:Comment / Annotation:Definition	Cardinality	Key	Property Type	 Datatype as defined in LinkML	Datatype	Note	Constraint	Default value	Exact mapping	Close Mapping	Close Mapping2	Abstract classes	WIKIDATA references that match	WIKIDATA Entitiy references that match	WIKIDATA property references that match	Wikidata current term label	Schema.org references that match	DCAT/ DCAT-AP	OBO references that match	DublinCore reference	Other standard reference	Possible alternative names	ERINHA/ISORe equivalent	FAIRSHAIRING equivalent	FAIRSHARING JSON PATH	EVA equivalent	Description URL	List of prefixes			
> class	slot	aliases	is_a	range	description	cardinality	identifier	ignore	range	ignore	comments	ignore	ifabsent	exact_mappings	close_mappings	close_mappings	abstract	ignore	ignore	ignore	ignore	ignore	ignore	ignore	ignore	ignore	ignore	ignore	ignore	ignore	ignore	ignore	ignore	ignore	ignore	ignore
Version		Version	Dataset		Numeric code assigned to identify a particular historical version of a work (e.g. software or technical standards)	n/a									wd:Q114469879			wd:Q114469879	Q114469879		version number											https://query.wikidata.org/embed.html#SELECT%20%3Fdefinition%20WHERE%20{%0A%20%20wd%3AQ114469879%20schema%3Adescription%20%3Fdefinition.%0A%20%20FILTER((LANG(%3Fdefinition))%20%3D%20%22en%22)%0A}	dct:http://purl.org/dc/terms/ dcat:http://www.w3.org/ns/dcat# foaf:http://xmlns.com/foaf/0.1/ xsd:http://www.w3.org/2001/XMLSchema#  prov:http://www.w3.org/ns/prov# owl:http://www.w3.org/2002/07/owl# skos:http://www.w3.org/2004/02/skos/core# vcard:http://www.w3.org/2006/vcard/ns#  rov:http://www.w3.org/ns/regorg# dcmi:http://purl.org/dc/dcmitype/ schema:https://schema.org wd:http://www.wikidata.org/entity/ wdp:http://www.wikidata.org/prop/  rdf:http://www.w3.org/1999/02/22-rdf-syntax-ns#  rdfs:http://www.w3.org/2000/01/rdf-schema#      pav:http://purl.org/pav/    dwc:http://rs.tdwg.org/dwc/terms/    IAO:http://purl.obolibrary.org/obo/IAO_ EVORA:https://evora-project.eu/			
Version	ID	ID			The version identifier	1..1		Data	string	string		not null			wdp:P393			wdp:P393		P393	edition number	schema:version	dcat:version ; dcat:title			pav:version										
Version	versionOf	version Of		uri	Identifier of what the version qualifies	1..1		Object				not null											dct:hasPart ; dcat:description		dct:hasPart											
Nameable		Nameable			Any entity that has a name and can have a textual description	n/a											yes																			
Nameable	name	name			The label that allows humans to identify the current item	1..1		Data	string	string	The title of the item should be as short and descriptive as possible. E.g. for virus products it should basically be based on the following Pattern: "Virus name", "virus host type", "collection year", "country of collection" ex "suspected epidemiological origin", "genotype", "strain", "variant name or specific feature"	not null										schema:name	dct:title		dct:title	rdfs:label		Title, Full name	name	JSON{data{attributes{metadata{name}}}}	Title					
Nameable	description	description			A short explanation of the characteristics, features, or nature of the current item	0..1		Data	string	string	Describe this item in few lines. This description will serve as a summary to present the item. 											schema:description	dct:description		dct:description			Description	description	JSON{data{attributes{metadata{description}}}}	Description					
Catalogue		Catalogue	Nameable		A curated collection of metadata about resources	n/a								dcat:Catalog			yes	wd:Q2352616	Q2352616		catalogue	schema:Dataset	dcat:Catalog													
Dataset		Dataset			A collection of data, published or curated by a single agent, and available for access	n/a								dcat:Dataset			yes	wd:Q1172284	Q1172284		data set	schema:DataCatalog	dcat:Dataset													
NamedDataset		Named Dataset	Nameable		A collection of data, that has a name and can have a description, published or curated by a single agent, and available for access	n/a								dcat:Dataset			yes	wd:Q1172284	Q1172284		data set	schema:DataCatalog	dcat:Dataset													
DataService		Data Service	Nameable		A collection of operations that provides access to one or more datasets or data processing functions	n/a								dcat:DataService			yes	wd:Q193424	Q193424		web service	schema:WebAPI	dcat:DataService													
Taxonomy		Taxonomy	Catalogue		Science of naming, defining and classifying organisms	n/a									wd:Q8269924			wd:Q8269924	Q8269924		taxonomy					skos:Collection						https://query.wikidata.org/embed.html#SELECT%20%3Fdefinition%20WHERE%20{%0A%20%20wd%3AQ8269924%20schema%3Adescription%20%3Fdefinition.%0A%20%20FILTER((LANG(%3Fdefinition))%20%3D%20%22en%22)%0A}				
Taxonomy	taxon	taxon		Taxon	Scientifically classified group or entity within the reference taxonomy	0..*		Object															dcat:dataset			dwc:Taxon										
Taxonomy	taxonDataProvider	taxon data provider		DataProvider	The data provider for the taxons of the taxonomy	0..1		Object															dcat:service													
Taxonomy	version	version		Version	The version of this instance of entity	1..1		Object				not null											dcat:dataset													
Taxonomy	versionDataProvider	version data provider		DataProvider	The data provider for the Version ID of this taxonomy	0..1		Object															dcat:service													
Taxonomy	rank	rank		TaxonomicRank	Relative level or position of the identified taxon in the taxonomy	0..*		Object															dcat:dataset													
Taxonomy	rankDataProvider	rank data provider		DataProvider	The data provider for the description of the taxonomic ranks used in this taxonomy	0..1		Object															dcat:service													
DataProvider		Data provider	DataService		An external API (Application Programming Interface) or Endpoint that permits to retrieve data from other sources	n/a									wd:Q122625839			wd:Q122625839	Q122625839		data provider	schema:EntryPoint														
DataProvider	license	license		License	Information about terms and conditions under which the subject can be used, shared, or distributed, indicating any restrictions or permissions	0..1		Object														schema:license	dct:license		dct:license											
DataProvider	loginRequestMethod	login request method			The http request method used to acces the login request url	0..1		Data	string	string in enumeration("GET","POST")			string(GET)									schema:httpMethod	dcat:endpointDescription													
DataProvider	loginURL	login URL			The URL template that allows to log in if required	0..1		Data	uri	uri					wdp:P1630			wdp:P1630		P1630	formatter URL	schema:urlTemplate	dcat:endpointDescription													
DataProvider	loginTokenName	login token name			The name of the token, unique identifier of an interaction session, that will have to be reused as credential in the query	0..1		Data	string	string													dcat:endpointDescription													
DataProvider	queryURL	query URL			The URL template that allows to get the content	1..1		Data	uri	uri		not null			wdp:P1630			wdp:P1630		P1630	formatter URL	schema:urlTemplate	dcat:endpointURL													
DataProvider	queryMethod	query method			The http request method used to access the requested query url	1..1		Data	string	string in enumeration("GET","POST")		not null										schema:httpMethod	dcat:endpointDescription													
DataProvider	contentType	content type			The content type of the response to the queries	1..1		Data	string	string		not null, default JSON	string(JSON)									schema:contentType	dct:format		dct:format											
DataProvider	providedEntityType	provided entity type		uri	The identification of the entity type (Class) described by the response to the query	1..1		Object				not null											dcat:servesDataset													
DataProvider	weight	weight			A numerical value indicating relative importance or priority, generally processed in ascending order. This weight helps prioritize content when organizing or processing data. Its value can be negative, with a default set to 0	1..1		Data	decimal	decimal	The lowest weighted Data providers are triggered first, this may be usefull to populate at first entities that are referenced by others (e.g. Version ahead of Rank ahead of Taxon)	default 1											adms:status													
PathogenIdentification		Pathogen identification	Dataset		A collection of distinguishing information that enables the differentiation of a pathogen from another	n/a																				dwc:Identification										
PathogenIdentification	taxon	taxon		Taxon	Scientifically classified group or entity within the reference taxonomy	1..1		Object			The taxon of the highest rank known that can be used to classify a pathogen or group of pathogens (e.g viruses) in the reference taxonomy	not null											dct:hasPart			dwc:Taxon		Taxon	taxonomies	JSON{data{attributes{taxonomies}}}	ICTV Taxonomy					
PathogenIdentification	pathogenName	pathogen name		CommonName	A pathogen common name or a name that describes a group of pathogens	1..1		Object				not null, default Taxon Name											dct:hasPart ; dcat:title		dct:hasPart	dwc:organismName		Virus Name	taxonomies	JSON{data{attributes{taxonomies}}}	Virus Name					
PathogenIdentification	pathogenType	pathogen type			Identification of the specific type of pathogen among the listed categories e.g. "Virus","Viroid","Bacterium"...	1..1		Data	string	string in enumeration("Virus","Bacterium","Fungus","Protozoan","Viroid","Prion")		not null											dct:description			dwc:organismScope										
PathogenIdentification	hostType	host type			Indication of the possible host(s) for the identified pathogens among the listed main categories	0..*		Data	string	string in enumeration("Animal","Human","Plant")																		Virus host type			Virus host type					
PathogenIdentification	subspecies	subspecies			The subspecies information differentiates closely related pathogens within a single species	0..1		Data	string	string																		Subspecies			Subspecies					
PathogenIdentification	strain	strain			Identifier given to a genetic variant within a single species	0..1		Data	string	string																		Virus strain			Strain					
PathogenIdentification	isolate	isolate			Identifier given to a pathogen that has been isolated from an infected host and propagated in a laboratory culture. The isolate information may include an internal reference code from the laboratory that took the sample or performed the isolation, as well as details about the specific conditions of isolation, such as the name of the town, hospital, and type of host	0..1		Data	string	string																		Isolate			Isolate					
PathogenIdentification	genotype	genotype			Genotype information that identifies organisms that cluster in phylogenetic trees, thus different clusters are distinct genotypes	0..1		Data	string	string																		Genotype			Genotype					
PathogenIdentification	serotype	serotype			Genetically related pathogens that group together based on serological relationships	0..1		Data	string	string																		Serotype			Serotype					
PathogenIdentification	variant	variant		Variant	An organism with one or more new mutations is referred to as a “variant” of the original organism if not sufficiently different to be termed a distinct strain	0..1		Object															dct:hasPart								Variants					
Publication		Publication	Dataset		A scientific publication	n/a									wd:Q591041			wd:Q591041	Q591041		scientific publication				dct:BibliographicResource											
Publication	title	title			The descriptive word or phrase that identifies the current piece of work	1..1		Data	string	string	The title of the item should be as short and descriptive as possible. E.g. for virus products it should basically be based on the following Pattern: "Virus name", "virus host type", "collection year", "country of collection" ex "suspected epidemiological origin", "genotype", "strain", "variant name or specific feature"	not null										schema:name	dct:title		dct:title			Title	name	JSON{data{attributes{metadata{name}}}}	Title					
Publication	authors	authors			The list of authors	1..1		Data	string	string		not null																								
Publication	abstract	abstract			Concise summary of the publication	1..1		Data	string	string		not null													dct:abstract											
Publication	relatedDOI	DOI		DOI	Any Digital Object Identifier that can be related	1..1		Object				not null																								
Publication	journal	journal		Journal	The scientific journal in which the publication was published	0..1		Object																												
Vocabulary		Vocabulary	Catalogue		A subset of words or phrases specific to a particular subject or field	n/a									wd:Q6499736			wd:Q6499736	Q6499736		vocabulary					skos:Collection					Taxonomy (wd:Q7211 )					
Vocabulary	termDataProvider	term data provider		DataProvider	An external API or Endpoint that permits to retrieve the terms of this vocabulary	0..1		Object															dcat:service													
Vocabulary	term	term		Term	The terms related to this vocabulary	0..*		Object															dct:hasPart													
Term		Term	NamedDataset		Word or phrase from a specialized area of knowledge	n/a									wd:Q1969448		yes	wd:Q1969448	Q1969448		term															
Term	weight	weight			A numerical value indicating relative importance or priority, generally processed in ascending order. This weight helps prioritize content when organizing or processing data. Its value can be negative, with a default set to 0	1..1		Data	decimal	decimal		not null, default 0	int(0)										adms:status								Weight					
Term	inVocabulary	in Vocabulary		Vocabulary	Terms belong to a specific vocabulary	1..1		Object				not null			wdp:P972			wdp:P972		P972	catalog		dct::isReferencedBy		dct:isPartOf											
CommonName		Common Name	Term		Vernacular name that is the name used in everyday language to refer to an organism or group of organisms. This name is typically easier to remember and pronounce compared to the scientific name	n/a		Relation							wd:Q502895			wd:Q502895	Q502895		common name					dwc:vernacularName					Virus name					
CommonName	alternateName	alternate name		AlternateName	Any known alternate name related to this name	0..*		Object			including previous names and former taxonomic terms, this information can also serve as keywords arround the pathogen name for search and as a bridge with other projects that are still using other naming systems or taxonomies e.g. the NCBI taxonomy				wdp:P4970			wdp:P4970		P4970	alternative name		dct:hasPart								Previous Name or Taxonomy					
CommonName	sourceOfInformation	source of information			The name of the origin from which knowledge is obtained. This can include any entity that provides information	0..*		Data	string	string					wdp:P248			wdp:P248		P248	stated in															
VirusName		Virus Name	CommonName		A virus vernacular name or a name that describes a group of viruses	n/a		Relation							wd:Q125481078			wd:Q125481078	Q125481078		virus name					dwc:vernacularName					Virus name					
AlternateName		Alternate Name	Term		List of alternate names for things	n/a		Relation							wd:Q7662595			wd:Q7662595	Q7662595		synonym										Previous Name or Taxonomy					
AlternateName	alternateName	alternate name		AlternateName	Any known alternate name related to this name	0..*		Object							wdp:P4970			wdp:P4970		P4970	alternative name		dct:hasPart													
AlternateName	sourceOfInformation	source of information			The name of the origin from which knowledge is obtained. This can include any entity that provides information	0..*		Data	string	string					wdp:P248			wdp:P248		P248	stated in															
RiskGroup		Risk group	Term		Risk group classification guides initial handling of biological agents in labs but doesn't systematically equate to biosafety levels. Actual risk varies with the agent, procedures, and personnel competence	n/a		Relation			Use of Data provider if any or manual import of information from wd:Q125449389, wd:Q125449412, wd:Q125449429, wd:Q125449439				wd:Q125449255			wd:Q125449255	Q125449255		risk group										Risk groups	https://query.wikidata.org/embed.html#SELECT%20%3Fdefinition%20WHERE%20{%0A%20%20wd%3AQ125449255%20schema%3Adescription%20%3Fdefinition.%0A%20%20FILTER((LANG(%3Fdefinition))%20%3D%20%22en%22)%0A}				
DOI		DOI	Term		A unique string identifier assigned to a digital object, providing a permanent link for reliable citation and access.  The Digital Object Identifier (DOI) is a persistent identifier that is an ISO standard	n/a		Relation							wd:Q25670			wd:Q25670	Q25670		DOI										DOI	https://query.wikidata.org/embed.html#SELECT%20%3Fdefinition%20WHERE%20{%0A%20%20wd%3AQ25670%20schema%3Adescription%20%3Fdefinition.%0A%20%20FILTER((LANG(%3Fdefinition))%20%3D%20%22en%22)%0A}				
Journal		Journal	Term		Periodical journal publishing scientific research	n/a		Relation							wd:Q5633421			wd:Q5633421	Q5633421		scientific journal										Journal	https://query.wikidata.org/embed.html#SELECT%20%3Fdefinition%20WHERE%20{%0A%20%20wd%3AQ5633421%20schema%3Adescription%20%3Fdefinition.%0A%20%20FILTER((LANG(%3Fdefinition))%20%3D%20%22en%22)%0A}				
PDBReference		PDB reference	Term		Identifier for 3D structural data as per the PDB (Protein Data Bank) database	n/a		Relation							wdp:Q42415644			wdp:Q42415644	Q42415644		Wikidata property to identify proteins										PDB reference	https://query.wikidata.org/embed.html#SELECT%20%3Fdefinition%20WHERE%20{%0A%20%20wd%3AP638%20schema%3Adescription%20%3Fdefinition.%0A%20%20FILTER((LANG(%3Fdefinition))%20%3D%20%22en%22)%0A}				
Keyword		Keyword	Term		A term or phrase used to tag and categorize content	n/a		Relation							wd:Q1128340			wd:Q1128340	Q1128340		subject heading						Website Tags				Website Tags					
ProteinTag		Protein tag	Term		Peptide sequence genetically grafted onto a recombinant protein	n/a		Relation							wd:Q645590			wd:Q645590	Q645590		protein tag										Tag	https://query.wikidata.org/embed.html#SELECT%20%3Fdefinition%20WHERE%20{%0A%20%20wd%3AQ645590%20schema%3Adescription%20%3Fdefinition.%0A%20%20FILTER((LANG(%3Fdefinition))%20%3D%20%22en%22)%0A}				
SpecialFeature		Special feature	Term		Distinctive attributes of a product that set it apart from other similar items e.g., Reference strain, Vaccinal strain, Antiviral resistant strain ...	n/a		Relation			These special features help researchers and professionals in the field to select appropriate virus strains for their specific research needs and applications.																				Special Feature					
ExpressionVector		Expression vector	Term		A reference to an expression vector plasmid, typically embedding a resistance marker for inducible protein expression	n/a		Relation							wd:Q5421712			wd:Q5421712	Q5421712		expression vector										Plasmid					
PlasmidSelection		Plasmid selection	Term		The process of identifying cells that have successfully incorporated a plasmid, typically using antibiotic resistance markers	n/a		Relation																												
PropagationHost		Propagation host	Term		The organism used to grow and multiply the pathogen under controlled conditions	n/a		Relation																												
TransmissionMethod		Transmission method	Term		The process by which the pathogen spreads between hosts	n/a		Relation																												
ProductionCellLine		Production cell line	Term		A population of cells that originates from a primary culture, adapted to grow and divide under laboratory conditions. Used in biotechnology to consistently produce biological substances	n/a		Relation							wd:Q21014462			wd:Q21014462	Q21014462		cell line															
ProductCategory		Product category	Term		A term used to classify a group of products that share common characteristics or functions, which helps in their organization	n/a		Relation							wd:Q63981612			wd:Q63981612	Q63981612		product category															
ProductCategory	parentCategory	parent category		ProductCategory	An overarching category that encompasses the current category within a hierarchical classification system. It serves as the top-level classification, organizing related subcategories under its umbrella to create a structured and logical order.	0..1		Object																	dct:isPartOf											
IsolationHost		Isolation host	Term		Host organism from which the pathogen was isolated	n/a		Relation																							Isolation Host					
GeographicalOrigin		Geographical origin	Term		The specific location or region where a physical item, originates or is naturally found	n/a		Relation			geonames.org API could be a good service data provider as suggested by DCAT-AP				wd:Q3885844			wd:Q3885844	Q3885844		origin		dct:Location		dct:Location	vcard:Location										
IPLCOrigin		IPLC origin	GeographicalOrigin		The IPLC area (Indigenous People and Local Communities) from which a physical item, originates or is naturally found	n/a																														
Country		Country	Term		The country as of ISO3166	n/a		Relation			Use of Data provider recommended... serve as a local cache for ISO3166				wd:Q6256			wd:Q6256	Q6256		country	schema:Country	dct:Location		dct:Location	vcard:Location					Countries					
Country	alpha2Code	alpha-2 code			Two-letter country codes from ISO 3166-1 alpha-2	1..1		Data	string	string		not null																								
IATAClassification		IATA classification	Term		The corresponding International Air Transport Association (IATA)'s category for dangerous goods that are transported by air	n/a		Relation																							IATA classification					
Variant		Variant	CommonName		An organism with one or more new mutations is referred to as a “variant” of the original organism if not sufficiently different to be termed a distinct strain	n/a		Relation							wd:Q104795308			wd:Q104795308	Q104795308		genetic variant										Variant					
TaxonomicRank		Taxonomic rank	Term		The possible taxonomic ranks and their description	n/a		Relation			Use of Data provider recommended				wd:Q427626			wd:Q427626	Q427626		taxonomic rank					dwc:taxonRank					rank					
TaxonomicRank	taxonomy	taxonomy		Taxonomy	The taxonomy release(s) in which this entity exists	0..*		Object															dct:hasPart													
Taxon		Taxon	Term		Conceptual entity that groups one or more populations of an organism or organisms, as seen by taxonomists, to form a unit	n/a		Relation			The taxonomic taxons connected to their parent so that a full lienage can be rebuild. Use of Data provider recommended				wd:Q16521			wd:Q16521	Q16521		taxon	schema:Taxon				dwc:Taxon					ICTV Taxonomy					
Taxon	taxonomy	taxonomy		Taxonomy	The taxonomy release(s) in which this entity exists	0..*		Object																	dct:isPartOf											
Taxon	parentTaxon	parent taxon		Taxon	The parent taxon of the current taxon	1..1		Object				not null										schema:parentTaxon	dct:hasPart			dwc:Taxon										
Taxon	rank	rank		TaxonomicRank	Relative level or position of the identified taxon in the taxonomy	1..1		Object				not null										schema:taxonRank	dct:hasPart			dwc:taxonRank										
Taxon	previouslyKnownAs	previously known as		Taxon	Any historic version of this taxon having a different name	0..*		Object															dct:replaces			dwc:Taxon	previous name									
Taxon	externalEquivalentTaxon	external equivalent taxon		Taxon	Any equivalent taxon in a different taxonomy if exists/known to serve as a bridge (e.g, ICTV towards NCBI)	0..*		Object			Could serve as a bridge between ICTV and NCBI as several providers currently uses NCBI Taxonomy												dcat:qualifiedRelation			dwc:taxonID										
Taxon	taxonomicID	taxonomic ID			The taxonomic identifier as a persistent identifier accross releases	1..1		Data	string	string		not null										schema:identifier	dct:identifier		dct:identifier	dwc:taxonID										
Taxon	taxonomicNodeID	taxonomic node ID			The taxonomic_Node Identifier as an identifier specific the current taxon in the corresponding release/version of the taxonomy	0..1		Data	string	string	NCBI does not have a taxon_node id, only a taxonomicID. Taxon_node id is Unique  in NCBI= Key of the taxon node !! Could be replaced by a composite key made of "taxonomic ID" + "has version" But can be referenced as it seems the "taxonomic node_ID" will be generated and provided by the ICTV												dct:identifier		dct:identifier	dwc:taxonID										
ExternalRelatedReference		External related reference	Dataset		A reference that permits to retrieve an item from an external provider	n/a																									Infravec2 related product					
ExternalRelatedReference	reference	reference			The identifier reference of the connected external item	1..1		Data	string	string		not null											dct:identifier								Infravec2 related product					
ExternalRelatedReference	referenceLabel	reference label			The label informing what this reference is about	1..1		Data	string	string	e.g., 'Infravec2 related product'	not null											dct:title													
ExternalRelatedReference	referenceProviderPrefix	reference provider prefix			The url prefix that once completed with the reference will lead to the linked external resource	1..1		Data	string	string		not null											dcat:landingPage													
ExternalRelatedReference	referenceProviderName	reference provider name			The name for the reference provider	1..1		Data	string	string		not null											dct:publisher													
Sequence		Sequence	Dataset		A nucleic acid or protein sequence information	n/a									wd:Q3511065			wd:Q3511065	Q3511065		biological sequence															
Sequence	sequenceReference	sequence reference		SequenceReference	A reference that permits to retrieve the sequence information from a sequence provider	0..*		Object															dct:hasPart								Genbank reference					
Sequence	sequence	sequence			In case no sequence reference exists in public repositories, the corresponding FASTA sequence is required	0..1		Data	string	string	In FASTA format the line before the nucleotide sequence, called the FASTA definition line, must begin with a carat (">"), followed by a unique SeqID (sequence identifier). In case the sequence is made of multiple parts several fasta sequences can be provided	Complsory if sequence reference is empty																			Genbank reference					
SequenceReference		Sequence reference	Dataset		A reference that permits to retrieve the sequence information from a sequence provider	n/a					A work on making it a subclass of External related reference might be consistent and beneficial for data structuration but special attention will have to be take to ensure it remains consistent with the actual the use cases for users																				Genbank reference					
SequenceReference	accessionNumber	accession number			The sequence ID that permits to retrieve the sequence information from the sequence provider	1..1		Data	string	string		not null											dct:identifier													
SequenceReference	sequenceProvider	sequence provider			The name of the sequence provider within the list of accepted sequence providers	1..1		Data	string	string in enumeration ("ENA","Genbank")		not null											dct:publisher													
PersonOrOrganization		Person Or Organization	Nameable		A person or an organization	n/a																	foaf:Agent		dct:Agent											
PersonOrOrganization	homePage	home page			Refers to the degree of purity achieved for a protein sample. Possible values include ">95%" (the protein is highly purified, with more than 95% purity) and "Unpurified expression host lysate or partly purified protein" (the protein is either unpurified and present in the host cell lysate or only partially purified).	0..1		Data	uri	uri																		Homepage								
PersonOrOrganization	contactPoint	contact point		ContactPoint	An information that allows someone to establish communication	0..1		Object															dcat:contactPoint					Contact								
PersonOrOrganization	logo	logo		Image	A path or URL to the related logo	0..1		Object																												
Person		Person	PersonOrOrganization		An individual	n/a									wd:Q215627			wd:Q215627	Q215627		person		foaf:Person		dct:Agent	vcard:Individual										
Person	oRCIDiD	ORCID iD			Unique persistent identifier for a person, provided by the Open Researcher and Contributor ID (ORCID) organisation	0..1		Data		string														IAO:0000708												
Organization		Organization	PersonOrOrganization		A social entity established to meet needs or pursue specific goals	n/a									wd:Q43229			wd:Q43229	Q43229		organization	schema:Organization	foaf:Organization		dct:Agent	vcard:Organization										
Organization	alternateName	alternate name			An alternate name or acronym	0..1		Data	string	string																dwc:institutionCode		Short name								
Organization	country	country		Country	The country of the organization	0..1		Object																				Country								
RI		RI	Organization		A research infrastructure	n/a		Relation							wd:Q1438053			wd:Q1438053	Q1438053		research infrastructure		foaf:Organization					Research Infrastructure								
Provider		Provider	Organization		A provider of products or services, as a specific organization	n/a		Relation															foaf:Organization		dct:ProvenanceStatement											
Provider	memberOfRI	member of RI		RI	The research infrastructure of which this organization is a member	0..*		Object																												
Originator		Originator	PersonOrOrganization		The individual or organization responsible for the original discovery, isolation, or creation of an item, providing information about the source or origin of the sample	n/a																	foaf:Agent		dct:ProvenanceStatement											
BiologicalMaterialOrigin		Biological material origin	Dataset		Information about the origin of the biological material, compulsory for access, utilization, and benefit-sharing of genetic resources in compliance with the Nagoya Protocol	n/a																														
BiologicalMaterialOrigin	recombinantMaterial	recombinant material			Indicates if this biological material is a recombinant biological material.	1..1		Data	boolean	boolean		not null, default FALSE	false																		Recombinant product					
BiologicalMaterialOrigin	biologicalSourceType	biological source type			Defines if the current biological material is natural and was collected or if it is a synthetic biological material. It makes sense that only recombinant biological materials can have a mixed material origin!	1..1		Data	boolean	boolean	It makes sense that only recombinant biological materials can have a mixed material origin!	not null																			Biological Material Origin					
BiologicalMaterialOrigin	biologicalPartOrigin	biological part origin		BiologicalPartOrigin	Details the origin of one or more unitary parts that make up the biological material. In the case of recombinant biological material, multiple parts may be involved.	1..*		Object			It can be multiple parts in case of a recombinant biological material.	not null											dct:hasPart													
BiologicalPartOrigin		Biological part origin	Dataset		Information on the origin of a unitary, cohesive part that is part of, or constitutes the biological material. It can be multiple parts in case of a recombinant biological material	n/a											yes																			
BiologicalPartOrigin	recombinantPartIdentification	Recombinant part identification		RecombinantPartIdentification	Identification of a recombinant part	0..1		Object			Information not required if the current biological part constitutes the complete biological material																									
NaturalPartOrigin		Natural part origin	BiologicalPartOrigin		Information on the origin of a natural part that composes the biological material	n/a																														
NaturalPartOrigin	countryOfCollection	country of collection		Country	The geographical location where the sample was collected in situ. Used for Nagoya/CBD; equivalent to "country of origin".	1..1		Object				not null								P495	country of origin		dcterms:spatial		dcterms:spatial	dwc:country										
NaturalPartOrigin	indigenousPoepleAndLocalCommunityOrigin	indigenous people and local community origin		IPLCOrigin	The specific IPLC area (Indigenous People and Local Communities) from which this sample/element was sampled, if relevant	0..1		Object																												
NaturalPartOrigin	collectionDate	collection date			The date when the sample was collected in situ. If unknown/private, use a proxy date such as "date received" and indicate this by setting to true the before date property	1..1		Data	datetime	datetime		not null																								
NaturalPartOrigin	beforeDate	before date			Set to TRUE if a proxy date for the collection date is used	1..1		Data	boolean	boolean		not null, default FALSE	false																							
NaturalPartOrigin	reportingToAuthorities	reporting to authorities			Information about permit identifiers for access to the genetic resource, applicable if the genetic resource falls under Access and Benefit-Sharing (ABS) regulations	0..1		Data		string																										
SyntheticPartOrigin		Synthetic part origin	BiologicalPartOrigin		Information on the origin of a synthetic part that composes the biological material	n/a																														
SyntheticPartOrigin	modificationsFromTheReferenceSequences	modifications from the reference sequence(s)			Set to TRUE if there was is any modification made from the reference sequence	1..1		Data	boolean	boolean		not null																								
SyntheticPartOrigin	descriptionOfModificationsMadeFromTheReferenceSequences	description of modification(s) made from the reference sequence(s)			List the modifications mades from the reference sequence if any	0..1		Data	string	string																										
RecombinantPartIdentification		Recombinant part identification			Identification of a recombinant part	n/a																														
RecombinantPartIdentification	partIdentification	Part identification			A short designation of this recombinant part of the related biological material	1..1		Data	string	string		not null																								
RecombinantPartIdentification	sequence	sequence		Sequence	The related sequence information from a sequence provider or in fasta format	1..*		Object																							Genbank reference					
Collection		Collection	Catalogue		Set of products and services with some common characteristics	n/a									wd:Q2668072			wd:Q2668072	Q2668072		collection				dcmi:Collection	skos:Collection										
Collection	collectionItem	collection item		ProductOrService	An item of the collection	0..*		Object															dcat:resource													
Collection	DataProvider	data provider		DataProvider	The provider of the data of the collection	0..1		Object															dct:isReferencedBy		dct:isReferencedBy											
ProductOrService		Product or service	NamedDataset		A product or a service	n/a		part of  wd:Q2897903 (goods and services )			part of  wd:Q2897903 (goods and services )	part of  wd:Q2897903 (goods and services )					yes										Biological material and services / Goods and Services									
ProductOrService	accessPointURL	access point URL			The URL that permits to access to the product/service detailed description page on the provider's website and/or allows to place an order about it or at least describe the process to place an order/enquiry	1..1		Data	uri	uri		not null											dcat:landingPage		dct:source			Access point URL	url	JSON{data{attributes{url}}}						
ProductOrService	refSKU	ref-SKU			The reference or the stock keeping unit of the service or item provided in the provider's catalogue	1..1		Data	string	string		not null											dct:identifier		dct:identifier	dwc:catalogNumber		ref-SKU	doi	JSON{data{attributes{metadata{doi}}}}	Product SKU					
ProductOrService	unitDefinition	unit definition			A short description of what will be delivered by ordering one unit of this item	0..1		Data	string	string	The description of what will be delivered to the end-user (e.g.: packaging, quantity...)														dct:format			Unit definition			Unit definition					
ProductOrService	category	category		ProductCategory	The main category of the service or product	1..1		Object				not null											dcat:theme					Category	record_type	JSON{data{attributes{record_type}						
ProductOrService	additionalCategory	additional category		ProductCategory	Any category apart from its main category in which this product or service can fit	0..*		Object															dcat:theme					subcategory			This product could also be classified as					
ProductOrService	unitCost	unit cost			The cost per access for one unit as defined by the unit definition	1..1		Data	string	string	The cost per access may not be defined or be specific to a request, so it has to be a string instead of an xsd:float as initialy suggested to permit description of cost as conditional to what is requested	not null, default "on request"	string(on request)															Cost per access 		default 0	Cost per access (for Academics)					
ProductOrService	qualityGrading	quality grading			Information that permits to assess the quality level of what will be provided	0..1		Data	string	string																					Product Grading					
ProductOrService	pathogenIdentification	pathogen identification		PathogenIdentification	The identification of the pathogen or group of pathogens (e.g; name, taxon identification, etc.) related to the current item.	1..*		Object			The pathogen identification contains information about name and taxon but in some cases(e.g: FAIRSHARING) there may have no direct pathogen related but simply a taxonomic information .... the default value should be the root of virology: Viruses	not null																Virus Name, Taxon	taxonomies	JSON{data{attributes{taxonomies}}}	Virus Name, ICTV Taxonmy					
ProductOrService	relatedDOI	DOI		DOI	Any DOI that can be related	0..*		Object							wdp:P356			wdp:P356		P356	DOI				dct:bibliographicCitation				doi	JSON{data{attributes{metadata{doi}}}}	related DOI					
ProductOrService	riskGroup	risk group		RiskGroup	The highest risk group related to this resource. The risk group of a biological agent guiding its initial handling in labs according to the risk group classification defined by the WHO laboratory biosafety manual	0..1		Object							wdp:P12663			wdp:P12663		P12663	risk group							Risk Group			product Risk Group					
ProductOrService	biosafetyRestrictions	biosafety restrictions			Information about guidelines and regulations designed to prevent the exposure to or release of potentially harmful biological agents. It thereby contributes to protecting people and the environment from biohazards while accessing this product or service	0..1		Data	string	string																		Biosafety restrictions			biosafety restrictions					
ProductOrService	canItBeUsedToProduceGMO	can it be used to produce GMO			Indicates if the current service or product can be used to produce GMO	1..1		Data	boolean	boolean	Set to TRUE if it can produce GMO	not null, default "unknown"																GMO			can it be used to produce GMO					
ProductOrService	provider	provider		Provider	A provider of this product or service, as a specific organization	1..1		Object				not null											dct:publisher,  prov:qualifiedAttribution		dct:publisher			Provider			Collection					
ProductOrService	collection	collection		Collection	The collection(s) to which belongs this item	1..*		Object				not null								P972	catalog				dct:isPartOf											
ProductOrService	keywords	keywords		Keyword	List of terms used to tag and categorize this Item	1..*		Object				not null											dcat:keyword					Keywords			Tags and Keywords					
ProductOrService	availability	availability			The state or condition in which this item is accessible and ready for use or can be obtained	1..1		Data	string	string	Possible availabilities may differ from a project to another	not null, default "on request"	string(on request)												dct:available			Availability			Product Availability					
ProductOrService	complementaryDocument	complementary document		Document	Any complementary document that can be related to this Item	0..*		Object																							complementary document					
ProductOrService	technicalRecommendation	technical recommendation			Expert advice or guidelines provided to ensure the optimal use, performance, and maintenance of what is provided, including best practices, troubleshooting tips, and procedural instructions	0..1		Data	string	string																					technical recommendation					
ProductOrService	productPicture	product picture		Image	A picture that can represent the item	0..*		Object																							has product picture					
ProductOrService	externalRelatedReference	external related reference		ExternalRelatedReference	A reference that permits to retrieve another related item from an external provider	0..*		Object																												
ProductOrService	certification	certification		Certification	Any certification related to the current product or service; e.g., ISO certification	0..*		Object															dct:conformsTo		dct:conformsTo											
ProductOrService	internalReference	internal reference			Any reference or indication to be used for local retrieval purpose	0..1		Data	string	string																					internal reference					
ProductOrService	note	note			An aditional information as a textual comment	0..1		Data	string	string																					note					
ProductOrService	contactPoint	contact point		ContactPoint	An information that allows someone to establish communication	0..1		Object															dcat:contactPoint					Contact								
Service		Service	ProductOrService		A service	n/a		Relation							wd:Q7406919			wd:Q7406919	Q7406919		service				dcmi:Service						Service					
Service	modelSpecies	model species			The species of the infected organism in the experiment	0..1		Data	string	string																		Model host								
Service	modelType	model type			The specific name of the infected organism, including its modification if necessary	0..1		Data	string	string																		Model								
Product		Product	ProductOrService		A product	n/a		Relation							wd:Q2424752			wd:Q2424752	Q2424752		product				dct:PhysicalResource											
Product	hasIATAClassification	IATA classification		IATAClassification	The corresponding International Air Transport Association (IATA)'s category for this Product	1..1		Object				not null																								
Product	shippingConditions	shipping conditions			Specification of the terms and parameters for transporting 	1..1		Data	string	string		not null																			Shipping conditions					
Product	materialSafetyDataSheet	material safety data sheet		MSDS	A Material Safety Data Sheet (MSDS) or Safety Data Sheet (SDS) is a standardized document that contains crucial occupational safety and health information related to the product	0..1		Object			The MSD  is a document that provides detailed information about the properties, hazards, handling, storage, and emergency procedures related to the use of a chemical or substance																									
Product	originator	originator		Originator	The individual or organization responsible for the original discovery, isolation, or creation of an item, providing information about the source or origin of the sample	0..1		Object																	dct:provenance											
Product	storageConditions	storage conditions			Specifies the conditions under which the product has to be stored to maintain stability and integrity, such as temperature, buffer, and other environmental factors.	1..1		Data	string	string	e.g, could be a string in enumeration ("Freeze Dried", "Liquid Nitrogen", "Viral Storage Medium -20C", "Viral Storage Medium -80C", "Living plant material (>= +4°C)", "Gas Phase", "Ethanol -20C", "Ethanol -80C", "Dried")	not null																								
BiologicalMaterialOrigin	thirdPartyDistributionConsent	third party distribution consent			Indicates whether the biological material can be distributed to third parties, considering any potential concerns about to the related genetic material as indicated by the ABS permit, if one exists	0..1		Data		boolean																										
BiologicalMaterialOrigin	usageRestrictions	usage restrictions			Specifies any limitations or conditions on the use of the biological material, including restrictions on research, commercial use, or distribution, considering any potential concerns about the related genetic material	0..1		Data		string																										
Antibody		Antibody	Product		Protein that can bind to certain types of foreign bodies, such as pathogens	n/a		Relation							wd:Q79460			wd:Q79460	Q79460		antibody										Antibody or Hybridoma					
Antibody	productionSystem	production system			The biological and technological methods and processes used to produce the antibody	0..1		Data	string	string																										
Antibody	antibodyPurifiedByAffinity	antibody purified by affinity			Indicates whether or not if the antibody was purified by affinity	1..1		Data	boolean	boolean		not null																								
Antibody	specificityDocumented	specificity documented			Tell if the antibody specificity was documented	1..1		Data	boolean	boolean		not null																								
Antibody	targetedAntigen	targeted antigen			Specific molecular structure or epitope recognized and bound by an antibody	1..1		Data	string	string		not null																								
Antibody	sequenceReference	sequence reference		SequenceReference	A reference that permits to retreive the sequence information from a sequence provider	0..*		Object																							Genbank reference					
Hybridoma		Hybridoma	Antibody		An hybridoma that provides antibodies that can be related to a pathogen	n/a									wd:Q27554370			wd:Q27554370	Q27554370		hybridoma										Antibody or Hybridoma					
Hybridoma	hybridomaDescription	hybridoma description			The description of the hybridoma	1..1		Data	string	string		not null																								
Protein		Protein	Product		A protein as a derived product from a pathogen	n/a		Relation							wd:Q8054			wd:Q8054	Q8054		protein										Protein					
Protein	biologicalMaterialOrigin	Biological Material origin		BiologicalMaterialOrigin	Information about the origin of the biological material, essential for access, utilization, and benefit-sharing of genetic resources in compliance with the Nagoya Protocol.	1..1		Object				not null																								
Protein	sequence	sequence		Sequence	The related sequence information from a sequence provider or in fasta format	1..*		Object				not null																			Genbank reference					
Protein	relatedPDB	related PDB		PDBReference	Identifier for 3D structural data as per the PDB (Protein Data Bank) database	0..*		Object							wdp:P638			wdp:P638		P638	PDB structure ID															
Protein	specialFeature	special feature		SpecialFeature	Distinctive attributes of a product that set it apart from other similar items e.g., Reference strain, Vaccinal strain, Antiviral resistant strain ...	0..*		Object																												
Protein	proteinTAG	protein TAG		ProteinTag	Peptide sequences genetically grafted onto a recombinant protein	0..*		Object																							Tag					
Protein	domain	domain			A distinct structural and functional unit within the protein, often capable of independent folding and stability, which contributes to the protein's overall function	0..*		Data	string	string																										
Protein	expressedAs	expressed as			Refers to the form in which the protein is produced and manifested in a biological system. Possible values include "Soluble" (proteins that are dissolved in the cellular or extracellular fluid) and "Inclusion bodies" (aggregated proteins that are insoluble and form within the cell)	0..*		Data	string	string in enumeration("Soluble", "Inclusion bodies")																										
Protein	inclusionBodiesType	inclusion bodies type			Refers to the state of aggregated proteins within a cell. Possible values include "Denatured" (proteins are in an unfolded, inactive state) and "Refolded" (proteins have been processed to regain their functional, active conformation).	0..*		Data	string	string in enumeration("Denatured", "Refolded")																										
Protein	expressionSystem	expression system			The host organism or cellular environment used to produce a protein from a specific gene. Possible values include "E. coli" (bacterial system), "Insect cells" (using baculovirus vectors), and "Mammalian cells" (mammalian cell lines).	0..*		Data	string	string in enumeration("E. coli", "Insect cells","Mamalian cells")																										
Protein	functionalCharacterization	functional characterization			The process of determining and describing the specific biological activities and roles of a protein. Possible values include "Functionally characterized" (the protein's functions have been identified and described) and "No functional characterization" (the protein's functions have not been identified or described).	0..*		Data	string	string in enumeration("Functionally characterized", "No functional characterization")																										
Protein	functionalTechnicalDescription	functional/Technical description			Detailed information about the specific biological functions, mechanisms of action, and technical attributes of a protein. This includes how the protein interacts within biological systems, its role in cellular processes, and any relevant technical details such as structure, activity, and interactions with other molecules.	0..*		Data	string	string																										
Protein	proteinPurification	protein purification			Refers to the degree of purity achieved for a protein sample. Possible values include ">95%" (the protein is highly purified, with more than 95% purity) and "Unpurified expression host lysate or partly purified protein" (the protein is either unpurified and present in the host cell lysate or only partially purified).	0..*		Data	string	string in enumeration(">95%", "Unpurified expression host lysate or partly purified protein")																										
Protein	theTAGStatusOfTheSolubilizedProtein	TAG status of the solubilized protein			Indicates the presence and condition of a tag on the protein after solubilization. Possible values include "Uncleaved Tag" (the tag is still attached to the protein), "Cleaved Tag" (the tag has been removed from the protein), and "No Tag" (the protein does not have a tag)	0..*		Data	string	string																										
Protein	typeOfFunctionalCharacterization	type of functional Characterization			Refers to the classification of a protein based on the specific type of functional analysis performed to determine its biological activities and roles. Possible values include "Enzymatic" (the protein has been characterized for its enzyme activity) and "Antigenic" (the protein has been characterized for its ability to elicit an immune response).	0..*		Data	string	string in enumeration("Enzymatic", "Antigenic")																										
Nucleic Acid		Nucleic Acid	Product		Nucleic acid related to a pathogen. It can be extracted or synthetic	n/a		Relation							wd:Q123619			wd:Q123619	Q123619		nucleic acids															
Nucleic Acid	biologicalMaterialOrigin	Biological Material origin		BiologicalMaterialOrigin	Information about the origin of the biological material, essential for access, utilization, and benefit-sharing of genetic resources in compliance with the Nagoya Protocol	1..1		Object				not null											dct:hasPart													
Nucleic Acid	hasGbFileOfTheConstruct	has .gb file of the construct		Data	A GenBank formatted file that contains detailed sequence and annotation information of a nucleic acid construct	0..*		Object															dct:hasPart													
Nucleic Acid	sequence	sequence		Sequence	The related sequence information from a sequence provider or in fasta format	1..*		Object				not null											dct:hasPart								Genbank reference					
Nucleic Acid	isItAClonedNucleicAcid	is it a Cloned Nucleic Acid?			Indicates that the nucleic acid sequence has been inserted into a plasmid vector for propagation or expression in a host organism	1..1		Data	boolean	boolean		not null																								
Nucleic Acid	clonedIntoPlasmid	cloned into plasmid		ExpressionVector	The plasmid into which the nucleic acid has been cloned	0..1		Object															dct:hasPart													
Nucleic Acid	pasmidSelection	plasmid selection		PlasmidSelection	Specific selectable markers in the plasmid, such as antibiotic resistance genes, used to identify and maintain cells that contain the plasmid	0..*		Object															dct:hasPart													
Nucleic Acid	hasTAG	TAG		ProteinTag	TAG sequence used for purposes such as purification, detection, or localization	1..1		Object				not null											dct:hasPart								Tag					
Nucleic Acid	regionEncompassedInThisProduct	region encompassed in this Product			The specific region encompassed in the product	1..1		Data	string	string		not null																								
Nucleic Acid	mutationObserved	mutation observed			Indicates if the current nucleic acid has No mutation compared to the reference sequence if the value is set to false or if it  contains mutations (no frameshift, no unexpected STOP codon) if set to true	1..1		Data	boolean	boolean		not null																								
Nucleic Acid	observedMutations	observed mutations			The specific mutations that have been identified and documented in the nucleic acid sequence	0..1		Data	string	string																										
Nucleic Acid	identificationTechnique	identification technique			The method used to identify the nucleic acid sequence or its associated constructs, such as PCR, sequencing, or hybridization	0..1		Data	string	string																										
Nucleic Acid	sequencing	sequencing			Refers to the level of sequencing performed on the nucleic acid. Possible values include "Not sequenced" (no sequencing has been performed), "Partly sequenced" (only a portion of the nucleic acid sequence has been determined), and "Fully sequenced" (the entire nucleic acid sequence has been determined).	1..1		Data	string	string in enumeration("Not sequenced","Partly sequenced","Fully sequenced")	Cloned products have to be sequenced	not null																								
Nucleic Acid	titer	titer			The titer value, its corresponding unit, and the method of quantification (e.g., RT-qPCR, TCID50), representing the concentration or amount of unit present in the sample. The titer corresponds to the highest dilution factor that still yields a positive reading	0..1		Data	string	string																										
Nucleic Acid	sequenceChecked	sequence checked			Tell whether or not the sequence of the product was controlled (compulsory for cloned products)	1..1		Data	boolean	boolean	Sequence check is mandatory for cloned products	not null																								
Detection Kit		Detection Kit	Product		A detection kit for specific pathogens	n/a		Relation																												
Detection Kit	hasSOPFile	has SOP File		File	The related standard operating procedure file	0..*		Object															dct:hasPart													
Detection Kit	specificityDocumented	specificity documented			Boolean value indicating whether the specificity of the detection kit has been formally documented.	1..1		Data	boolean	boolean		not null																								
Detection Kit	specificity	specificity			Details on the ability of a detection kit to correctly identify negative results, distinguishing between the target analyte and other substances without cross-reacting	0..1		Data	string	string																										
Detection Kit	targetedRegion	targeted region			The specific area or sequence within the target analyte that the detection kit is designed to identify and interact with, ensuring accurate detection and analysis.	0..1		Data	string	string																										
Bundle		Bundle	Product		A group of products	n/a		Relation							wd:Q1020767			wd:Q1020767	Q1020767		product bundle															
Bundle	productsOfTheBundle	products of the bundle		Product	Associates the bundle with the individual products it contains, specifying the components included within the bundle.	2..*		Object				not null											dct:hasPart		dct:hasPart											
Bundle	complementaryDocument	complementary document		File	Links the bundle to any additional documents that provide supplementary information, instructions, or guidelines relevant to the use and assembly of the bundle's products. 	0..*		Object																												
Pathogen		Pathogen	Product		Biological entity that causes disease in its host, which is typically an infectious microorganism or agent, such as a virus, bacterium, protozoan, prion, viroid, or fungus	n/a		Relation							wd:Q170065		yes	wd:Q170065	Q170065		pathogen															
Pathogen	biologicalMaterialOrigin	Biological Material origin		BiologicalMaterialOrigin	Information about the origin of the biological material, essential for access, utilization, and benefit-sharing of genetic resources in compliance with the Nagoya Protocol.	1..1		Object				not null											dct:hasPart													
Pathogen	suspectedEpidemiologicalOrigin	suspected epidemiological origin		GeographicalOrigin	The potential geographical or environmental source from which the pathogen is believed to have originated or been transmitted	0..*		Object															dcterms:spatial													
Pathogen	isolationHost	isolation host		IsolationHost	The host organism from which the pathogen was originally isolated	0..*		Object															dct:hasPart													
Pathogen	productionCellLine	production cell line		ProductionCellLine	The cell line used for the production or propagation of the pathogen, detailing the cellular environment employed in its cultivation and study	0..*		Object															dct:hasPart													
Pathogen	propagationHost	propagation host		PropagationHost	The host organism that propagates the pathogen	0..*		Object															dct:hasPart													
Pathogen	transmissionMethod	transmission method		TransmissionMethod	The method or route through which the pathogen is transmitted from one host to another, detailing the mechanisms of infection spread.	0..*		Object															dct:hasPart													
Pathogen	sequence	sequence		Sequence	The related sequence information from a sequence provider or in fasta format	1..*		Object				not null											dct:hasPart								Genbank reference					
Pathogen	cultivability	cultivability			The ability of the pathogen to be cultivated or grown in laboratory conditions. Possible values are " Cultivable pathogen", "Uncultivable pathogen" or "Inactivated pathogen"	1..1		Data	string	string in enumeration(" Cultivable pathogen", "Uncultivable pathogen", "Inactivated pathogen")	Might also be related to a product sub-category that helps filtering	not null, default  set to "Cultivable pathogen"	string(Cultivable pathogen)																							
Pathogen	clinicalInformation	clinical information			Details about the clinical aspects of the pathogen, including symptoms, severity, treatment protocols, and patient outcomes	0..1		Data	string	string																										
Pathogen	identificationTechnique	identification technique			The method or technique used to identify and confirm the presence of the pathogen, detailing the specific procedures and tools employed in the detection process	0..1		Data	string	string																										
Pathogen	infectivity	infectivity			Indicates the ability of the pathogen to establish an infection in a host organism, with possible values detailing whether infectivity has been tested, quantified, or cannot be tested due to non-cultivable nature.	1..1		Data	string	string in enumeration ("Infectivity tested","Infectivity tested and quantified","Non cultivable sample, infectivity cannot be tested")		not null																								
Pathogen	infectivityTest	infectivity Test			The description of the completed infectivity test, providing details on the methods, conditions, and results of the test used to assess the pathogen's ability to infect a host organism	0..1		Data	string	string																										
Pathogen	isolationTechnique	isolation technique			The specific method or procedure used to isolate the pathogen from a host organism or sample, detailing the techniques and tools employed in the isolation process	0..1		Data	string	string																										
Pathogen	isolationConditions	isolation conditions			The environmental and procedural conditions under which the pathogen was isolated	0..1		Data	string	string																										
Pathogen	letterOfAuthority	letter of authority			Indicate whether a Letter of Authority is required, confirming the necessity of formal authorization. The possible values are "N/A", "NOT Required", "Required for customers in the EU" or "Required"	1..1		Data	string	string in enumeration("N/A", "NOT Required", "Required for customers in the EU", "Required")		not null, default "N/A"	string(N/A)																							
Pathogen	passage	passage			The number of times the pathogen was cultured through serial passage, a process used to increase the stock but which can also lead to the evolution of the original pathogen.	0..1		Data	string	string																										
Pathogen	sequencing	sequencing			The extent of the pathogen's genetic material that has been sequenced, with possible values including "Complete genome" for the entire genome, "Complete coding sequence" for all coding regions, and "Partial sequence" for only a portion of the genetic material	1..1		Data	string	string in enumeration ("Complete genome", "Complete coding sequence", "Partial sequence")		not null																								
Pathogen	titer	titer			The titer value, its corresponding unit, and the method of quantification (e.g., RT-qPCR, TCID50), representing the concentration or amount of unit present in the sample. The titer corresponds to the highest dilution factor that still yields a positive reading	1..1		Data	string	string		not null			wd:Q2166189			wd:Q2166189	Q2166189												Viral titer					
Virus		Virus	Pathogen		The virus as a biological material	n/a		Relation							wd:Q808			wd:Q808	Q808		virus											URI: https://query.wikidata.org/embed.html#SELECT%20%3Fdefinition%20WHERE%20{%0A%20%20wd%3AQ808%20schema%3Adescription%20%3Fdefinition.%0A%20%20FILTER((LANG(%3Fdefinition))%20%3D%20%22en%22)%0A}				
Virus	coInfectingViruses	co-infecting viruses		VirusName	Identifies other viruses that may co-infect the host organism along with the primary virus, indicating the presence of multiple viral infections within the same host.	0..*		Object															dct:hasPart			dwc:associatedTaxa										
Virus	contaminationWithCoInfectingViruses	contamination with co-infecting viruses			A boolean value indicating whether there is contamination with co-infecting viruses	1..1		Data	boolean	boolean		not null, default false	false																							
Virus	mycoplasmicContent	mycoplasmic content			Indicates the presence of mycoplasma contamination within the sample	1..1		Data	boolean	boolean		not null																								
Bacterium		Bacterium	Pathogen		The bacterium as a biological material	n/a		Relation							wd:Q10876			wd:Q10876	Q10876		bacteria															
Fungus		Fungus	Pathogen		The fungus as a biological material	n/a		Relation							wd:Q764			wd:Q764	Q764		fungus															
Protozoan		Protozoan	Pathogen		The protozoan as a biological material	n/a		Relation							wd:Q101274			wd:Q101274	Q101274		protozoa															
Viroid		Viroid	Pathogen		The viroid as a biological material	n/a		Relation							wd:Q209917			wd:Q209917	Q209917		viroid															
Prion		Prion	Pathogen		The prion as a biological material	n/a		Relation							wd:Q47051			wd:Q47051	Q47051		prion															
MSDS		MSDS	Dataset		A Material Safety Data Sheet (MSDS) or Safety Data Sheet (SDS) is a standardized document that contains crucial occupational safety and health information related to the product	n/a									wd:Q222067			wd:Q222067	Q222067		safety data sheet															
MSDS	msdsContact	MSDS contact		ContactPoint	The designated contact point responsible for providing information related to the safety, handling, and regulatory compliance of the biological product.	1..1		Object				not null											dcat:contactPoint								MSDS contact Address					
MSDS	physicalChemicalProperties	physical and chemical properties and information on ingredients			Key characteristics of the product, such as physical state, appearance, solubility, pH, chemical composition, and molecular weight, essential for safe handling and storage	0..1		Data	string	string																										
MSDS	hazardsIdentification	hazards identification			Outlines the potential risks and dangers associated with handling the product, including its physical, chemical, and health hazards. This section provides information on toxicity, flammability, reactivity, and other relevant risks for safe use.	0..1		Data	string	string																					Hazards identification					
MSDS	firstAidMeasures	first aid measures			Instructions on immediate actions to take in case of exposure to the product, including inhalation, ingestion, skin, or eye contact. This section outlines steps to minimize harm before medical help is available.	0..1		Data	string	string																					First aid measures					
MSDS	fireFightingMeasures	fire fighting measures			Guidance on how to safely extinguish a fire involving the product, including suitable extinguishing agents, special protective equipment for firefighters, and any specific hazards from combustion.	0..1		Data	string	string																					Fire fighting measures					
MSDS	accidentalReleaseMeasures	accidental release measures			Guidelines for safely managing spills or leaks of the product, including containment, cleanup procedures, and precautions to prevent harm to people, property, and the environment.	0..1		Data	string	string																					Accidental release measures					
MSDS	handlingAndStorage	handling and storage			Instructions on the safe handling practices and storage conditions for the product, including precautions to prevent accidents, degradation, or contamination, as well as recommended temperature, humidity, and container requirements.	0..1		Data	string	string																					Handling and storage					
MSDS	exposureControlsPersonalProtection	exposure controls/personal protection			Specifies measures to limit exposure to the product, including recommended engineering controls (e.g., ventilation) and personal protective equipment (PPE) such as gloves, masks, goggles, and clothing to ensure safe handling.	0..1		Data	string	string																					Exposure controls/personal protection					
MSDS	stabilityAndReactivity	stability and reactivity			Describes the product’s stability under normal conditions and its potential to react with other substances. This section includes information on hazardous reactions, conditions to avoid, and incompatible materials that could cause degradation or dangerous reactions.	0..1		Data	string	string																					Stability and reactivity					
MSDS	toxicologicalInformation	toxicological information			Details on the potential health effects of the product, including routes of exposure (inhalation, ingestion, skin, eye contact), acute and chronic toxicity and symptoms of exposure	0..1		Data	string	string																					Toxicological information					
MSDS	ecologicalInformation	ecological information			Details the potential environmental impact of the product, including its effects on ecosystems, persistence, degradability, bioaccumulation potential, and toxicity to aquatic and terrestrial organisms.	0..1		Data	string	string																					Ecological information					
MSDS	disposalConsiderations	disposal considerations			Guidance on the safe and environmentally responsible disposal of the product, including recommended disposal methods, regulatory requirements, and precautions to avoid harm to people and the environment during disposal.	0..1		Data	string	string																					Disposal considerations					
MSDS	transportInformation	transport information			Details the regulations and guidelines for safely transporting the product, including classifications for road, air, sea, or rail transport, UN numbers, packaging requirements, and any special precautions to ensure safe transit.	0..1		Data	string	string																					Transport information					
MSDS	regulatoryInformation	regulatory information			Lists applicable laws, regulations, and standards governing the product, including local, national, or international requirements for its handling, use, transportation, and disposal, ensuring compliance with legal obligations.	0..1		Data	string	string																					Regulatory information					
MSDS	furtherInformation	further information			Provides any additional details or clarifications not covered in other sections of the MSDS, such as references, supporting documents, or specific instructions for safe handling and use of the product.	0..1		Data	string	string																					Further information					
File		File	Nameable		Digital document or record stored in a specific format that contains data or information	n/a		Relation							wd:Q82753		yes	wd:Q82753	Q82753		computer file	schema:MediaObject	dcat:mediaType		dct:MediaType											
File	contentURL	content URL			The web address or location where the file content is stored and can be accessed or downloaded.	1..1		Data	uri	uri		not null										schema:contentUrl 														
File	format	format			The file type or format that indicates how the data within the file is structured	1..1		Data	string	string		not null										schema:encodingFormat														
File	license	license		License	The legal terms and conditions under which the file can be used, shared, or distributed, indicating any restrictions or permissions.	0..1		Object															dct:hasPart		dct:hasPart											
Data		Data	File		Subclass of File representing structured or unstructured datasets, often used for analysis, storage, or transfer of information	n/a		Relation							wd:Q42848			wd:Q42848	Q42848		data	schema:DataDownload			dct:MediaType											
Document		Document	File		Subclass of File representing textual or written files such as reports, manuals, or forms	n/a		Relation							wd:Q49848			wd:Q49848	Q49848		document	schema:MediaObject			dct:MediaType											
Audio		Audio	File		Subclass of File representing sound recordings or audio tracks	n/a		Relation							wd:Q26987229			wd:Q26987229	Q26987229		audio file	schema:AudioObject			dcmi:Sound ; dct:MediaType											
Video		Video	File		Subclass of File representing moving visual media, such as recordings, presentations, or movies	n/a		Relation							wd:Q98405806			wd:Q98405806	Q98405806		video file	schema:VideoObject			dct:MediaType											
Image		Image	File		Subclass of File representing visual content such as pictures, diagrams, or illustrations	n/a		Relation							wd:Q860625			wd:Q860625	Q860625		image file	schema:ImageObject			dcmi:Image ; dct:MediaType											
Image	altText	alt text			An alternate text for the image, if the image cannot be displayed	0..1		Data	string	string												schema:caption														
ContactPoint		Contact Point	Nameable		Entity serving as focal point of information	n/a									wd:Q30322502			wd:Q30322502	Q30322502		contact point	schema:PostalAddress	vcard:Contact			vcard:Contact										
ContactPoint	email	email			Email address	0..1		Data	string	string												schema:email				vcard:email					MSDS contact Email					
ContactPoint	telephone	telephone			The telephone number	0..1		Data	string	string												schema:telephone				vcard:telephone					MSDS contact Phone					
ContactPoint	streetAddress	street address			The building/apartment number and the street name	0..1		Data	string	string												schema:streetAddress				vcard:hasStreetAddress					MSDS contact Address					
ContactPoint	addressLocality	locality/city			The locality in which the street address is, and which is in the region. e.g, the city	0..1		Data	string	string												schema:addressLocality				vcard:hasLocality					MSDS contact Address					
ContactPoint	addressRegion	region			The region in which the locality is, and which is in the country. For example, California or another appropriate first-level Administrative division	0..1		Data	string	string												schema:addressRegion				vcard:hasRegion					MSDS contact Address					
ContactPoint	postalCode	postal code			The postal code	0..1		Data	string	string												schema:postalCode				vcard:hasPostalCode					MSDS contact Address					
ContactPoint	addressCountry	address Country		Country	The country as of  ISO 3166	0..1		Object														schema:addressCountry				vcard:hasCountryName					MSDS contact Address					
ContactPoint	oRCIDiD	ORCID iD			Unique persistent identifier for a person, provided by the Open Researcher and Contributor ID (ORCID) organisation	0..1		Data	string	string														IAO:0000708												
License		License	Nameable		The legal terms and conditions under which the subject can be used, shared, or distributed, indicating any restrictions or permissions	n/a		Relation							wd:Q79719			wd:Q79719	Q79719		license				dct:RightsStatement ; dct:LicenseDocument											
License	resourceURL	resource URL			The web address or location where the details or content is stored and can be accessed or downloaded.	0..1		Data	uri	uri												schema:license; schema:url	dct:license		dct:license											
License	licensingOrAttribution	licensing or attribution			A text or html code that provides any related data sharing licence and/or attribution	0..1		Data	string	string												schema:license	dct:rights		dct:rights											
License	logo	logo		Image	A path or URL to the related logo	0..1		Object																												
Certification		Certification	Nameable		Assurance given by an independent certification body that a product, service or system meets the requirements of a standard	n/a		Relation							wd:Q374814			wd:Q374814	Q374814		certification	schema:Certification														
Certification	logo	logo		Image	A path or URL to the related logo	0..1		Object																												
Certification	certificationDocument	certification document		Document	The document(s) issued by an authority certifying the conformity of the subject to the applicable scheme, including, as the case may be, the documents attesting the equivalence to another certification scheme.	0..*		Object																												
Certification	resourceURL	resource URL			The web address or location where the details or content is stored and can be accessed or downloaded.	0..1		Data	uri	uri												schema:url														
